{
  "sentence_count": 400,
  "token_count": 3194,
  "token_mismatches": 10,
  "token_accuracy": 0.9968691296180339,
  "sentence_exact_match": 0.9775,
  "micro_precision": 0.9761904761904762,
  "micro_recall": 0.9761904761904762,
  "micro_f1": 0.9761904761904762,
  "seqeval_report": {
    "ANATOMI": {
      "precision": 0.9714285714285714,
      "recall": 0.9714285714285714,
      "f1-score": 0.9714285714285714,
      "support": 140
    },
    "DIAGNOSIS": {
      "precision": 1.0,
      "recall": 1.0,
      "f1-score": 1.0,
      "support": 18
    },
    "DOSIS": {
      "precision": 1.0,
      "recall": 0.9285714285714286,
      "f1-score": 0.962962962962963,
      "support": 14
    },
    "GEJALA": {
      "precision": 0.972972972972973,
      "recall": 0.9782608695652174,
      "f1-score": 0.975609756097561,
      "support": 184
    },
    "OBAT": {
      "precision": 1.0,
      "recall": 1.0,
      "f1-score": 1.0,
      "support": 22
    },
    "micro avg": {
      "precision": 0.9761904761904762,
      "recall": 0.9761904761904762,
      "f1-score": 0.9761904761904762,
      "support": 378
    },
    "macro avg": {
      "precision": 0.9888803088803089,
      "recall": 0.9756521739130435,
      "f1-score": 0.9820002580978191,
      "support": 378
    },
    "weighted avg": {
      "precision": 0.9762619762619763,
      "recall": 0.9761904761904762,
      "f1-score": 0.9761737476281289,
      "support": 378
    }
  },
  "gold_label_counts": {
    "O": 2772,
    "B-GEJALA": 184,
    "B-ANATOMI": 140,
    "I-ANATOMI": 2,
    "I-GEJALA": 22,
    "B-DIAGNOSIS": 18,
    "B-DOSIS": 14,
    "I-DOSIS": 14,
    "B-OBAT": 22,
    "I-OBAT": 5,
    "I-DIAGNOSIS": 1
  },
  "predicted_label_counts": {
    "O": 2774,
    "B-GEJALA": 184,
    "B-ANATOMI": 140,
    "I-ANATOMI": 2,
    "I-GEJALA": 22,
    "B-DIAGNOSIS": 18,
    "B-DOSIS": 13,
    "I-DOSIS": 13,
    "B-OBAT": 22,
    "I-OBAT": 5,
    "I-DIAGNOSIS": 1
  },
  "model_key": "xlm_roberta",
  "model_name": "XLM-RoBERTa base",
  "role": "pembanding",
  "base_model": "xlm-roberta-base",
  "model_dir": "models/xlm-roberta-medical-ner-id",
  "test_file": "data\\manual_gold\\gold_resolved.conll"
}