entity,indobert,xlm_roberta
ANATOMI,0.9803921568627451,0.8744588744588745
DIAGNOSIS,0.9523809523809524,0.0
DOSIS,0.9166666666666665,0.0
GEJALA,0.9588289112534308,0.6832191780821917
OBAT,0.9781021897810219,0.0
