entity,indobert,xlm_roberta
ANATOMI,1.0,0.9714285714285714
DIAGNOSIS,1.0,1.0
DOSIS,0.962962962962963,0.962962962962963
GEJALA,1.0,0.975609756097561
OBAT,1.0,1.0
